filename,object_location,image_small,image_thumb
atmosphere.png,/objects/atmosphere.png,/objects/small/atmosphere_sm.jpg,/objects/thumbs/atmosphere_th.jpg
dam.png,/objects/dam.png,/objects/small/dam_sm.jpg,/objects/thumbs/dam_th.jpg
fishandanimals.png,/objects/fishandanimals.png,/objects/small/fishandanimals_sm.jpg,/objects/thumbs/fishandanimals_th.jpg
infrastructure.png,/objects/infrastructure.png,/objects/small/infrastructure_sm.jpg,/objects/thumbs/infrastructure_th.jpg
land.png,/objects/land.png,/objects/small/land_sm.jpg,/objects/thumbs/land_th.jpg
sediment0.jpg,/objects/sediment0.jpg,/objects/small/sediment0_sm.jpg,/objects/thumbs/sediment0_th.jpg
sediment1.jpg,/objects/sediment1.jpg,/objects/small/sediment1_sm.jpg,/objects/thumbs/sediment1_th.jpg
sediment10.mp4,/objects/sediment10.mp4,,
sediment100.jpg,/objects/sediment100.jpg,/objects/small/sediment100_sm.jpg,/objects/thumbs/sediment100_th.jpg
sediment11.jpg,/objects/sediment11.jpg,/objects/small/sediment11_sm.jpg,/objects/thumbs/sediment11_th.jpg
sediment12.jpg,/objects/sediment12.jpg,/objects/small/sediment12_sm.jpg,/objects/thumbs/sediment12_th.jpg
sediment13.jpg,/objects/sediment13.jpg,/objects/small/sediment13_sm.jpg,/objects/thumbs/sediment13_th.jpg
sediment14.jpg,/objects/sediment14.jpg,/objects/small/sediment14_sm.jpg,/objects/thumbs/sediment14_th.jpg
sediment15.jpg,/objects/sediment15.jpg,/objects/small/sediment15_sm.jpg,/objects/thumbs/sediment15_th.jpg
sediment16.jpg,/objects/sediment16.jpg,/objects/small/sediment16_sm.jpg,/objects/thumbs/sediment16_th.jpg
sediment17.jpg,/objects/sediment17.jpg,/objects/small/sediment17_sm.jpg,/objects/thumbs/sediment17_th.jpg
sediment18.jpg,/objects/sediment18.jpg,/objects/small/sediment18_sm.jpg,/objects/thumbs/sediment18_th.jpg
sediment19.jpg,/objects/sediment19.jpg,/objects/small/sediment19_sm.jpg,/objects/thumbs/sediment19_th.jpg
sediment2.jpg,/objects/sediment2.jpg,/objects/small/sediment2_sm.jpg,/objects/thumbs/sediment2_th.jpg
sediment20.jpg,/objects/sediment20.jpg,/objects/small/sediment20_sm.jpg,/objects/thumbs/sediment20_th.jpg
sediment21.jpg,/objects/sediment21.jpg,/objects/small/sediment21_sm.jpg,/objects/thumbs/sediment21_th.jpg
sediment22.jpg,/objects/sediment22.jpg,/objects/small/sediment22_sm.jpg,/objects/thumbs/sediment22_th.jpg
sediment23.jpg,/objects/sediment23.jpg,/objects/small/sediment23_sm.jpg,/objects/thumbs/sediment23_th.jpg
sediment24.jpg,/objects/sediment24.jpg,/objects/small/sediment24_sm.jpg,/objects/thumbs/sediment24_th.jpg
sediment25.jpg,/objects/sediment25.jpg,/objects/small/sediment25_sm.jpg,/objects/thumbs/sediment25_th.jpg
sediment26.jpg,/objects/sediment26.jpg,/objects/small/sediment26_sm.jpg,/objects/thumbs/sediment26_th.jpg
sediment27.jpg,/objects/sediment27.jpg,/objects/small/sediment27_sm.jpg,/objects/thumbs/sediment27_th.jpg
sediment28.jpg,/objects/sediment28.jpg,/objects/small/sediment28_sm.jpg,/objects/thumbs/sediment28_th.jpg
sediment29.jpg,/objects/sediment29.jpg,/objects/small/sediment29_sm.jpg,/objects/thumbs/sediment29_th.jpg
sediment3.jpg,/objects/sediment3.jpg,/objects/small/sediment3_sm.jpg,/objects/thumbs/sediment3_th.jpg
sediment30.jpg,/objects/sediment30.jpg,/objects/small/sediment30_sm.jpg,/objects/thumbs/sediment30_th.jpg
sediment31.jpg,/objects/sediment31.jpg,/objects/small/sediment31_sm.jpg,/objects/thumbs/sediment31_th.jpg
sediment32.jpg,/objects/sediment32.jpg,/objects/small/sediment32_sm.jpg,/objects/thumbs/sediment32_th.jpg
sediment33.jpg,/objects/sediment33.jpg,/objects/small/sediment33_sm.jpg,/objects/thumbs/sediment33_th.jpg
sediment34.jpg,/objects/sediment34.jpg,/objects/small/sediment34_sm.jpg,/objects/thumbs/sediment34_th.jpg
sediment35.jpg,/objects/sediment35.jpg,/objects/small/sediment35_sm.jpg,/objects/thumbs/sediment35_th.jpg
sediment36.jpg,/objects/sediment36.jpg,/objects/small/sediment36_sm.jpg,/objects/thumbs/sediment36_th.jpg
sediment37.jpg,/objects/sediment37.jpg,/objects/small/sediment37_sm.jpg,/objects/thumbs/sediment37_th.jpg
sediment38.jpg,/objects/sediment38.jpg,/objects/small/sediment38_sm.jpg,/objects/thumbs/sediment38_th.jpg
sediment39.jpg,/objects/sediment39.jpg,/objects/small/sediment39_sm.jpg,/objects/thumbs/sediment39_th.jpg
sediment4.jpg,/objects/sediment4.jpg,/objects/small/sediment4_sm.jpg,/objects/thumbs/sediment4_th.jpg
sediment40.jpg,/objects/sediment40.jpg,/objects/small/sediment40_sm.jpg,/objects/thumbs/sediment40_th.jpg
sediment41.jpg,/objects/sediment41.jpg,/objects/small/sediment41_sm.jpg,/objects/thumbs/sediment41_th.jpg
sediment42.jpg,/objects/sediment42.jpg,/objects/small/sediment42_sm.jpg,/objects/thumbs/sediment42_th.jpg
sediment43.jpg,/objects/sediment43.jpg,/objects/small/sediment43_sm.jpg,/objects/thumbs/sediment43_th.jpg
sediment44.jpg,/objects/sediment44.jpg,/objects/small/sediment44_sm.jpg,/objects/thumbs/sediment44_th.jpg
sediment45.jpg,/objects/sediment45.jpg,/objects/small/sediment45_sm.jpg,/objects/thumbs/sediment45_th.jpg
sediment46.jpg,/objects/sediment46.jpg,/objects/small/sediment46_sm.jpg,/objects/thumbs/sediment46_th.jpg
sediment47.jpg,/objects/sediment47.jpg,/objects/small/sediment47_sm.jpg,/objects/thumbs/sediment47_th.jpg
sediment48.jpg,/objects/sediment48.jpg,/objects/small/sediment48_sm.jpg,/objects/thumbs/sediment48_th.jpg
sediment49.jpg,/objects/sediment49.jpg,/objects/small/sediment49_sm.jpg,/objects/thumbs/sediment49_th.jpg
sediment5.jpg,/objects/sediment5.jpg,/objects/small/sediment5_sm.jpg,/objects/thumbs/sediment5_th.jpg
sediment50.jpg,/objects/sediment50.jpg,/objects/small/sediment50_sm.jpg,/objects/thumbs/sediment50_th.jpg
sediment51.jpg,/objects/sediment51.jpg,/objects/small/sediment51_sm.jpg,/objects/thumbs/sediment51_th.jpg
sediment52.jpg,/objects/sediment52.jpg,/objects/small/sediment52_sm.jpg,/objects/thumbs/sediment52_th.jpg
sediment53.jpg,/objects/sediment53.jpg,/objects/small/sediment53_sm.jpg,/objects/thumbs/sediment53_th.jpg
sediment54.jpg,/objects/sediment54.jpg,/objects/small/sediment54_sm.jpg,/objects/thumbs/sediment54_th.jpg
sediment55.jpg,/objects/sediment55.jpg,/objects/small/sediment55_sm.jpg,/objects/thumbs/sediment55_th.jpg
sediment56.jpg,/objects/sediment56.jpg,/objects/small/sediment56_sm.jpg,/objects/thumbs/sediment56_th.jpg
sediment57.jpg,/objects/sediment57.jpg,/objects/small/sediment57_sm.jpg,/objects/thumbs/sediment57_th.jpg
sediment58.jpg,/objects/sediment58.jpg,/objects/small/sediment58_sm.jpg,/objects/thumbs/sediment58_th.jpg
sediment59.jpg,/objects/sediment59.jpg,/objects/small/sediment59_sm.jpg,/objects/thumbs/sediment59_th.jpg
sediment6.jpg,/objects/sediment6.jpg,/objects/small/sediment6_sm.jpg,/objects/thumbs/sediment6_th.jpg
sediment60.jpg,/objects/sediment60.jpg,/objects/small/sediment60_sm.jpg,/objects/thumbs/sediment60_th.jpg
sediment61.jpg,/objects/sediment61.jpg,/objects/small/sediment61_sm.jpg,/objects/thumbs/sediment61_th.jpg
sediment62.jpg,/objects/sediment62.jpg,/objects/small/sediment62_sm.jpg,/objects/thumbs/sediment62_th.jpg
sediment63.jpg,/objects/sediment63.jpg,/objects/small/sediment63_sm.jpg,/objects/thumbs/sediment63_th.jpg
sediment64.jpg,/objects/sediment64.jpg,/objects/small/sediment64_sm.jpg,/objects/thumbs/sediment64_th.jpg
sediment65.jpg,/objects/sediment65.jpg,/objects/small/sediment65_sm.jpg,/objects/thumbs/sediment65_th.jpg
sediment66.jpg,/objects/sediment66.jpg,/objects/small/sediment66_sm.jpg,/objects/thumbs/sediment66_th.jpg
sediment67.jpg,/objects/sediment67.jpg,/objects/small/sediment67_sm.jpg,/objects/thumbs/sediment67_th.jpg
sediment68.jpg,/objects/sediment68.jpg,/objects/small/sediment68_sm.jpg,/objects/thumbs/sediment68_th.jpg
sediment69.jpg,/objects/sediment69.jpg,/objects/small/sediment69_sm.jpg,/objects/thumbs/sediment69_th.jpg
sediment7.jpg,/objects/sediment7.jpg,/objects/small/sediment7_sm.jpg,/objects/thumbs/sediment7_th.jpg
sediment70.jpg,/objects/sediment70.jpg,/objects/small/sediment70_sm.jpg,/objects/thumbs/sediment70_th.jpg
sediment71.jpg,/objects/sediment71.jpg,/objects/small/sediment71_sm.jpg,/objects/thumbs/sediment71_th.jpg
sediment72.jpg,/objects/sediment72.jpg,/objects/small/sediment72_sm.jpg,/objects/thumbs/sediment72_th.jpg
sediment73.jpg,/objects/sediment73.jpg,/objects/small/sediment73_sm.jpg,/objects/thumbs/sediment73_th.jpg
sediment74.jpg,/objects/sediment74.jpg,/objects/small/sediment74_sm.jpg,/objects/thumbs/sediment74_th.jpg
sediment75.jpg,/objects/sediment75.jpg,/objects/small/sediment75_sm.jpg,/objects/thumbs/sediment75_th.jpg
sediment76.jpg,/objects/sediment76.jpg,/objects/small/sediment76_sm.jpg,/objects/thumbs/sediment76_th.jpg
sediment77.jpg,/objects/sediment77.jpg,/objects/small/sediment77_sm.jpg,/objects/thumbs/sediment77_th.jpg
sediment78.jpg,/objects/sediment78.jpg,/objects/small/sediment78_sm.jpg,/objects/thumbs/sediment78_th.jpg
sediment79.jpg,/objects/sediment79.jpg,/objects/small/sediment79_sm.jpg,/objects/thumbs/sediment79_th.jpg
sediment8.jpg,/objects/sediment8.jpg,/objects/small/sediment8_sm.jpg,/objects/thumbs/sediment8_th.jpg
sediment80.jpg,/objects/sediment80.jpg,/objects/small/sediment80_sm.jpg,/objects/thumbs/sediment80_th.jpg
sediment81.jpg,/objects/sediment81.jpg,/objects/small/sediment81_sm.jpg,/objects/thumbs/sediment81_th.jpg
sediment82.jpg,/objects/sediment82.jpg,/objects/small/sediment82_sm.jpg,/objects/thumbs/sediment82_th.jpg
sediment83.jpg,/objects/sediment83.jpg,/objects/small/sediment83_sm.jpg,/objects/thumbs/sediment83_th.jpg
sediment84.jpg,/objects/sediment84.jpg,/objects/small/sediment84_sm.jpg,/objects/thumbs/sediment84_th.jpg
sediment85.jpg,/objects/sediment85.jpg,/objects/small/sediment85_sm.jpg,/objects/thumbs/sediment85_th.jpg
sediment86.jpg,/objects/sediment86.jpg,/objects/small/sediment86_sm.jpg,/objects/thumbs/sediment86_th.jpg
sediment87.jpg,/objects/sediment87.jpg,/objects/small/sediment87_sm.jpg,/objects/thumbs/sediment87_th.jpg
sediment88.jpg,/objects/sediment88.jpg,/objects/small/sediment88_sm.jpg,/objects/thumbs/sediment88_th.jpg
sediment89.jpg,/objects/sediment89.jpg,/objects/small/sediment89_sm.jpg,/objects/thumbs/sediment89_th.jpg
sediment9.jpg,/objects/sediment9.jpg,/objects/small/sediment9_sm.jpg,/objects/thumbs/sediment9_th.jpg
sediment90.jpg,/objects/sediment90.jpg,/objects/small/sediment90_sm.jpg,/objects/thumbs/sediment90_th.jpg
sediment91.jpg,/objects/sediment91.jpg,/objects/small/sediment91_sm.jpg,/objects/thumbs/sediment91_th.jpg
sediment92.jpg,/objects/sediment92.jpg,/objects/small/sediment92_sm.jpg,/objects/thumbs/sediment92_th.jpg
sediment93.jpg,/objects/sediment93.jpg,/objects/small/sediment93_sm.jpg,/objects/thumbs/sediment93_th.jpg
sediment94.jpg,/objects/sediment94.jpg,/objects/small/sediment94_sm.jpg,/objects/thumbs/sediment94_th.jpg
sediment95.jpg,/objects/sediment95.jpg,/objects/small/sediment95_sm.jpg,/objects/thumbs/sediment95_th.jpg
sediment96.jpg,/objects/sediment96.jpg,/objects/small/sediment96_sm.jpg,/objects/thumbs/sediment96_th.jpg
sediment97.jpg,/objects/sediment97.jpg,/objects/small/sediment97_sm.jpg,/objects/thumbs/sediment97_th.jpg
sediment98.jpg,/objects/sediment98.jpg,/objects/small/sediment98_sm.jpg,/objects/thumbs/sediment98_th.jpg
sediment99.jpg,/objects/sediment99.jpg,/objects/small/sediment99_sm.jpg,/objects/thumbs/sediment99_th.jpg
vegetation.png,/objects/vegetation.png,/objects/small/vegetation_sm.jpg,/objects/thumbs/vegetation_th.jpg
water.png,/objects/water.png,/objects/small/water_sm.jpg,/objects/thumbs/water_th.jpg
